Model,Split,Accuracy,Sensitivity,Specificity,Precision,F1,NPV,AUC,Brier
Logistic Regression,1,0.925,0.92,0.9333,0.9583,0.9388,0.875,0.968,0.0676
Logistic Regression,2,0.95,0.92,1.0,1.0,0.9583,0.8824,0.9933,0.0476
Logistic Regression,3,0.8875,0.82,1.0,1.0,0.9011,0.7692,0.964,0.0758
Logistic Regression,4,0.9,0.86,0.9667,0.9773,0.9149,0.8056,0.9433,0.0804
Logistic Regression,5,0.9375,0.9,1.0,1.0,0.9474,0.8571,0.976,0.0584
Logistic Regression,6,0.9375,0.9,1.0,1.0,0.9474,0.8571,0.9707,0.0619
Logistic Regression,7,0.9375,0.92,0.9667,0.9787,0.9485,0.8788,0.968,0.0699
Logistic Regression,8,0.925,0.88,1.0,1.0,0.9362,0.8333,0.986,0.0545
Logistic Regression,9,0.9625,0.94,1.0,1.0,0.9691,0.9091,0.9847,0.0393
Logistic Regression,10,0.875,0.8,1.0,1.0,0.8889,0.75,0.934,0.0919
Logistic Regression,11,0.9,0.84,1.0,1.0,0.913,0.7895,0.9607,0.074
Logistic Regression,12,0.9125,0.86,1.0,1.0,0.9247,0.8108,0.9613,0.0737
Logistic Regression,13,0.925,0.88,1.0,1.0,0.9362,0.8333,0.954,0.069
Logistic Regression,14,0.9125,0.88,0.9667,0.9778,0.9263,0.8286,0.9547,0.0683
Logistic Regression,15,0.975,0.96,1.0,1.0,0.9796,0.9375,0.998,0.0367
Logistic Regression,16,0.875,0.84,0.9333,0.9545,0.8936,0.7778,0.9333,0.0966
Logistic Regression,17,0.95,0.92,1.0,1.0,0.9583,0.8824,0.98,0.0447
Logistic Regression,18,0.925,0.88,1.0,1.0,0.9362,0.8333,0.9613,0.0765
Logistic Regression,19,0.925,0.88,1.0,1.0,0.9362,0.8333,0.9913,0.0504
Logistic Regression,20,0.9375,0.9,1.0,1.0,0.9474,0.8571,0.9807,0.0561
Logistic Regression,21,0.8875,0.82,1.0,1.0,0.9011,0.7692,0.9427,0.0951
Logistic Regression,22,0.925,0.88,1.0,1.0,0.9362,0.8333,0.976,0.0551
Logistic Regression,23,0.975,0.96,1.0,1.0,0.9796,0.9375,0.9967,0.0365
Logistic Regression,24,0.9125,0.88,0.9667,0.9778,0.9263,0.8286,0.9653,0.0685
Logistic Regression,25,0.95,0.92,1.0,1.0,0.9583,0.8824,0.968,0.0656
Logistic Regression,26,0.9,0.84,1.0,1.0,0.913,0.7895,0.9547,0.077
Logistic Regression,27,0.95,0.92,1.0,1.0,0.9583,0.8824,0.974,0.0566
Logistic Regression,28,0.9,0.84,1.0,1.0,0.913,0.7895,0.9807,0.0705
Logistic Regression,29,0.925,0.88,1.0,1.0,0.9362,0.8333,0.974,0.059
Logistic Regression,30,0.9375,0.94,0.9333,0.9592,0.9495,0.9032,0.9793,0.0554
Logistic Regression,31,0.9375,0.9,1.0,1.0,0.9474,0.8571,0.9967,0.0422
Logistic Regression,32,0.9375,0.94,0.9333,0.9592,0.9495,0.9032,0.984,0.0485
Logistic Regression,33,0.9375,0.9,1.0,1.0,0.9474,0.8571,0.95,0.0598
Logistic Regression,34,0.8625,0.82,0.9333,0.9535,0.8817,0.7568,0.928,0.0983
Logistic Regression,35,0.9125,0.86,1.0,1.0,0.9247,0.8108,0.948,0.0782
Logistic Regression,36,0.925,0.9,0.9667,0.9783,0.9375,0.8529,0.9673,0.0617
Logistic Regression,37,0.9,0.84,1.0,1.0,0.913,0.7895,0.9713,0.0776
Logistic Regression,38,0.925,0.88,1.0,1.0,0.9362,0.8333,0.9693,0.062
Logistic Regression,39,0.925,0.92,0.9333,0.9583,0.9388,0.875,0.9773,0.0585
Logistic Regression,40,0.9,0.9,0.9,0.9375,0.9184,0.8438,0.9527,0.0711
Logistic Regression,41,0.925,0.88,1.0,1.0,0.9362,0.8333,0.964,0.0701
Logistic Regression,42,0.9625,0.94,1.0,1.0,0.9691,0.9091,0.9973,0.0416
Logistic Regression,43,0.9125,0.86,1.0,1.0,0.9247,0.8108,0.9527,0.0747
Logistic Regression,44,0.925,0.92,0.9333,0.9583,0.9388,0.875,0.966,0.0642
Logistic Regression,45,0.9,0.86,0.9667,0.9773,0.9149,0.8056,0.9713,0.0741
Logistic Regression,46,0.8875,0.84,0.9667,0.9767,0.9032,0.7838,0.958,0.0777
Logistic Regression,47,0.9625,0.94,1.0,1.0,0.9691,0.9091,0.9873,0.0407
Logistic Regression,48,0.9125,0.86,1.0,1.0,0.9247,0.8108,0.9627,0.069
Logistic Regression,49,0.9375,0.9,1.0,1.0,0.9474,0.8571,0.972,0.0572
Logistic Regression,50,0.925,0.9,0.9667,0.9783,0.9375,0.8529,0.956,0.0658
Decision Tree,1,0.8375,0.82,0.8667,0.9111,0.8632,0.7429,0.8433,0.1625
Decision Tree,2,0.8625,0.84,0.9,0.9333,0.8842,0.7714,0.87,0.1375
Decision Tree,3,0.8875,0.9,0.8667,0.9184,0.9091,0.8387,0.8833,0.1125
Decision Tree,4,0.85,0.84,0.8667,0.913,0.875,0.7647,0.8533,0.15
Decision Tree,5,0.95,0.96,0.9333,0.96,0.96,0.9333,0.9467,0.05
Decision Tree,6,0.85,0.8,0.9333,0.9524,0.8696,0.7368,0.8667,0.15
Decision Tree,7,0.825,0.86,0.7667,0.86,0.86,0.7667,0.8133,0.175
Decision Tree,8,0.9,0.9,0.9,0.9375,0.9184,0.8438,0.9,0.1
Decision Tree,9,0.875,0.88,0.8667,0.9167,0.898,0.8125,0.8733,0.125
Decision Tree,10,0.9625,0.96,0.9667,0.9796,0.9697,0.9355,0.9633,0.0375
Decision Tree,11,0.875,0.88,0.8667,0.9167,0.898,0.8125,0.8733,0.125
Decision Tree,12,0.8375,0.84,0.8333,0.8936,0.866,0.7576,0.8367,0.1625
Decision Tree,13,0.8375,0.86,0.8,0.8776,0.8687,0.7742,0.83,0.1625
Decision Tree,14,0.825,0.84,0.8,0.875,0.8571,0.75,0.82,0.175
Decision Tree,15,0.9,0.94,0.8333,0.9038,0.9216,0.8929,0.8867,0.1
Decision Tree,16,0.8875,0.92,0.8333,0.902,0.9109,0.8621,0.8767,0.1125
Decision Tree,17,0.9375,0.98,0.8667,0.9245,0.9515,0.963,0.9233,0.0625
Decision Tree,18,0.925,0.98,0.8333,0.9074,0.9423,0.9615,0.9067,0.075
Decision Tree,19,0.9125,0.96,0.8333,0.9057,0.932,0.9259,0.8967,0.0875
Decision Tree,20,0.875,0.9,0.8333,0.9,0.9,0.8333,0.8667,0.125
Decision Tree,21,0.9125,0.94,0.8667,0.9216,0.9307,0.8966,0.9033,0.0875
Decision Tree,22,0.9125,0.88,0.9667,0.9778,0.9263,0.8286,0.9233,0.0875
Decision Tree,23,0.925,0.96,0.8667,0.9231,0.9412,0.9286,0.9133,0.075
Decision Tree,24,0.9125,0.92,0.9,0.9388,0.9293,0.871,0.91,0.0875
Decision Tree,25,0.8375,0.84,0.8333,0.8936,0.866,0.7576,0.8367,0.1625
Decision Tree,26,0.85,0.84,0.8667,0.913,0.875,0.7647,0.8533,0.15
Decision Tree,27,0.9625,0.96,0.9667,0.9796,0.9697,0.9355,0.9633,0.0375
Decision Tree,28,0.9,0.94,0.8333,0.9038,0.9216,0.8929,0.8867,0.1
Decision Tree,29,0.95,0.96,0.9333,0.96,0.96,0.9333,0.9467,0.05
Decision Tree,30,0.9,0.92,0.8667,0.92,0.92,0.8667,0.8933,0.1
Decision Tree,31,0.9125,0.94,0.8667,0.9216,0.9307,0.8966,0.9033,0.0875
Decision Tree,32,0.9,0.92,0.8667,0.92,0.92,0.8667,0.8933,0.1
Decision Tree,33,0.9125,0.96,0.8333,0.9057,0.932,0.9259,0.8967,0.0875
Decision Tree,34,0.875,0.86,0.9,0.9348,0.8958,0.7941,0.88,0.125
Decision Tree,35,0.9375,0.92,0.9667,0.9787,0.9485,0.8788,0.9433,0.0625
Decision Tree,36,0.925,0.98,0.8333,0.9074,0.9423,0.9615,0.9067,0.075
Decision Tree,37,0.9,0.88,0.9333,0.9565,0.9167,0.8235,0.9067,0.1
Decision Tree,38,0.9125,0.94,0.8667,0.9216,0.9307,0.8966,0.9033,0.0875
Decision Tree,39,0.9125,0.96,0.8333,0.9057,0.932,0.9259,0.8967,0.0875
Decision Tree,40,0.8875,0.9,0.8667,0.9184,0.9091,0.8387,0.8833,0.1125
Decision Tree,41,0.925,0.94,0.9,0.94,0.94,0.9,0.92,0.075
Decision Tree,42,0.9125,0.9,0.9333,0.9574,0.9278,0.8485,0.9167,0.0875
Decision Tree,43,0.8875,0.9,0.8667,0.9184,0.9091,0.8387,0.8833,0.1125
Decision Tree,44,0.875,0.94,0.7667,0.8704,0.9038,0.8846,0.8533,0.125
Decision Tree,45,0.9,0.92,0.8667,0.92,0.92,0.8667,0.8933,0.1
Decision Tree,46,0.9,0.9,0.9,0.9375,0.9184,0.8438,0.9,0.1
Decision Tree,47,0.85,0.84,0.8667,0.913,0.875,0.7647,0.8533,0.15
Decision Tree,48,0.925,0.94,0.9,0.94,0.94,0.9,0.92,0.075
Decision Tree,49,0.9375,0.92,0.9667,0.9787,0.9485,0.8788,0.9433,0.0625
Decision Tree,50,0.8875,0.92,0.8333,0.902,0.9109,0.8621,0.8767,0.1125
Random Forest,1,0.9625,0.98,0.9333,0.9608,0.9703,0.9655,0.9933,0.036
Random Forest,2,0.9625,0.94,1.0,1.0,0.9691,0.9091,1.0,0.0289
Random Forest,3,0.9375,0.94,0.9333,0.9592,0.9495,0.9032,0.983,0.0523
Random Forest,4,0.925,0.9,0.9667,0.9783,0.9375,0.8529,0.981,0.0478
Random Forest,5,0.9625,0.94,1.0,1.0,0.9691,0.9091,0.9903,0.0378
Random Forest,6,0.9375,0.94,0.9333,0.9592,0.9495,0.9032,0.9933,0.0405
Random Forest,7,0.95,0.92,1.0,1.0,0.9583,0.8824,0.9883,0.042
Random Forest,8,0.9875,0.98,1.0,1.0,0.9899,0.9677,0.9987,0.0255
Random Forest,9,0.9625,0.96,0.9667,0.9796,0.9697,0.9355,0.9927,0.0312
Random Forest,10,0.95,0.94,0.9667,0.9792,0.9592,0.9062,0.9803,0.048
Random Forest,11,0.9375,0.92,0.9667,0.9787,0.9485,0.8788,0.9907,0.042
Random Forest,12,0.975,0.96,1.0,1.0,0.9796,0.9375,0.9967,0.0349
Random Forest,13,0.9125,0.9,0.9333,0.9574,0.9278,0.8485,0.981,0.0526
Random Forest,14,0.9625,0.94,1.0,1.0,0.9691,0.9091,0.9837,0.0453
Random Forest,15,1.0,1.0,1.0,1.0,1.0,1.0,1.0,0.0196
Random Forest,16,0.9625,0.94,1.0,1.0,0.9691,0.9091,0.9747,0.0492
Random Forest,17,0.9375,0.94,0.9333,0.9592,0.9495,0.9032,0.9893,0.0403
Random Forest,18,0.975,0.98,0.9667,0.98,0.98,0.9667,0.9987,0.0289
Random Forest,19,0.975,0.96,1.0,1.0,0.9796,0.9375,1.0,0.0258
Random Forest,20,0.9125,0.88,0.9667,0.9778,0.9263,0.8286,0.9867,0.0497
Random Forest,21,0.9625,0.94,1.0,1.0,0.9691,0.9091,0.9953,0.0446
Random Forest,22,0.9375,0.92,0.9667,0.9787,0.9485,0.8788,0.979,0.0496
Random Forest,23,0.9375,0.98,0.8667,0.9245,0.9515,0.963,0.994,0.0368
Random Forest,24,0.9625,0.94,1.0,1.0,0.9691,0.9091,0.9973,0.0317
Random Forest,25,0.95,0.94,0.9667,0.9792,0.9592,0.9062,0.9917,0.0376
Random Forest,26,0.95,0.92,1.0,1.0,0.9583,0.8824,0.9933,0.0481
Random Forest,27,0.9625,0.96,0.9667,0.9796,0.9697,0.9355,0.9947,0.0321
Random Forest,28,0.925,0.98,0.8333,0.9074,0.9423,0.9615,0.975,0.0635
Random Forest,29,0.9875,0.98,1.0,1.0,0.9899,0.9677,0.9983,0.0284
Random Forest,30,0.9625,0.96,0.9667,0.9796,0.9697,0.9355,0.986,0.0313
Random Forest,31,0.9875,0.98,1.0,1.0,0.9899,0.9677,0.9993,0.024
Random Forest,32,0.975,0.96,1.0,1.0,0.9796,0.9375,0.9827,0.039
Random Forest,33,0.9625,0.96,0.9667,0.9796,0.9697,0.9355,0.9833,0.0427
Random Forest,34,0.925,0.9,0.9667,0.9783,0.9375,0.8529,0.9513,0.0713
Random Forest,35,0.975,0.96,1.0,1.0,0.9796,0.9375,0.998,0.0333
Random Forest,36,0.9625,0.96,0.9667,0.9796,0.9697,0.9355,0.994,0.0346
Random Forest,37,0.925,0.9,0.9667,0.9783,0.9375,0.8529,0.9757,0.0614
Random Forest,38,0.9375,0.94,0.9333,0.9592,0.9495,0.9032,0.988,0.048
Random Forest,39,0.9625,0.96,0.9667,0.9796,0.9697,0.9355,0.996,0.0312
Random Forest,40,0.9875,1.0,0.9667,0.9804,0.9901,1.0,0.9993,0.0216
Random Forest,41,0.925,0.92,0.9333,0.9583,0.9388,0.875,0.981,0.0452
Random Forest,42,0.9375,0.94,0.9333,0.9592,0.9495,0.9032,0.9947,0.031
Random Forest,43,0.9375,0.94,0.9333,0.9592,0.9495,0.9032,0.9783,0.0542
Random Forest,44,0.975,0.98,0.9667,0.98,0.98,0.9667,0.998,0.0294
Random Forest,45,0.9125,0.88,0.9667,0.9778,0.9263,0.8286,0.9827,0.0578
Random Forest,46,0.9375,0.92,0.9667,0.9787,0.9485,0.8788,0.9893,0.0427
Random Forest,47,0.95,0.98,0.9,0.9423,0.9608,0.9643,0.9873,0.04
Random Forest,48,0.9625,0.96,0.9667,0.9796,0.9697,0.9355,0.9947,0.0407
Random Forest,49,0.975,0.96,1.0,1.0,0.9796,0.9375,0.9793,0.0447
Random Forest,50,0.9375,0.94,0.9333,0.9592,0.9495,0.9032,0.99,0.0397
SVM (RBF),1,0.925,0.9,0.9667,0.9783,0.9375,0.8529,0.9807,0.0466
SVM (RBF),2,0.9,0.84,1.0,1.0,0.913,0.7895,0.9973,0.0304
SVM (RBF),3,0.8875,0.82,1.0,1.0,0.9011,0.7692,0.9767,0.0637
SVM (RBF),4,0.9125,0.86,1.0,1.0,0.9247,0.8108,0.956,0.0583
SVM (RBF),5,0.9375,0.9,1.0,1.0,0.9474,0.8571,0.982,0.042
SVM (RBF),6,0.925,0.88,1.0,1.0,0.9362,0.8333,0.984,0.0321
SVM (RBF),7,0.9125,0.88,0.9667,0.9778,0.9263,0.8286,0.9647,0.0673
SVM (RBF),8,0.9125,0.86,1.0,1.0,0.9247,0.8108,0.9867,0.0349
SVM (RBF),9,0.95,0.92,1.0,1.0,0.9583,0.8824,0.9913,0.029
SVM (RBF),10,0.8875,0.82,1.0,1.0,0.9011,0.7692,0.9727,0.0533
SVM (RBF),11,0.9,0.84,1.0,1.0,0.913,0.7895,0.9593,0.0653
SVM (RBF),12,0.9,0.84,1.0,1.0,0.913,0.7895,0.9893,0.0412
SVM (RBF),13,0.9375,0.9,1.0,1.0,0.9474,0.8571,0.964,0.0452
SVM (RBF),14,0.9125,0.86,1.0,1.0,0.9247,0.8108,0.9807,0.0489
SVM (RBF),15,0.925,0.88,1.0,1.0,0.9362,0.8333,1.0,0.0177
SVM (RBF),16,0.9,0.84,1.0,1.0,0.913,0.7895,0.946,0.0764
SVM (RBF),17,0.95,0.92,1.0,1.0,0.9583,0.8824,0.9973,0.0213
SVM (RBF),18,0.9,0.84,1.0,1.0,0.913,0.7895,0.994,0.0426
SVM (RBF),19,0.9375,0.9,1.0,1.0,0.9474,0.8571,0.9993,0.0212
SVM (RBF),20,0.9,0.84,1.0,1.0,0.913,0.7895,0.9573,0.0676
SVM (RBF),21,0.8625,0.78,1.0,1.0,0.8764,0.7317,0.9833,0.0525
SVM (RBF),22,0.9125,0.86,1.0,1.0,0.9247,0.8108,0.9793,0.0501
SVM (RBF),23,0.9625,0.94,1.0,1.0,0.9691,0.9091,0.9987,0.0216
SVM (RBF),24,0.925,0.88,1.0,1.0,0.9362,0.8333,0.9787,0.0497
SVM (RBF),25,0.9125,0.86,1.0,1.0,0.9247,0.8108,0.974,0.0481
SVM (RBF),26,0.8875,0.82,1.0,1.0,0.9011,0.7692,0.9853,0.043
SVM (RBF),27,0.925,0.88,1.0,1.0,0.9362,0.8333,0.982,0.0432
SVM (RBF),28,0.875,0.8,1.0,1.0,0.8889,0.75,0.9693,0.0537
SVM (RBF),29,0.925,0.88,1.0,1.0,0.9362,0.8333,0.9927,0.0395
SVM (RBF),30,0.9375,0.92,0.9667,0.9787,0.9485,0.8788,0.9813,0.0452
SVM (RBF),31,0.925,0.88,1.0,1.0,0.9362,0.8333,0.9947,0.0251
SVM (RBF),32,0.9375,0.9,1.0,1.0,0.9474,0.8571,0.9787,0.0401
SVM (RBF),33,0.9375,0.9,1.0,1.0,0.9474,0.8571,0.9827,0.0361
SVM (RBF),34,0.8625,0.78,1.0,1.0,0.8764,0.7317,0.94,0.0769
SVM (RBF),35,0.925,0.88,1.0,1.0,0.9362,0.8333,0.9827,0.0427
SVM (RBF),36,0.9,0.84,1.0,1.0,0.913,0.7895,0.9953,0.0332
SVM (RBF),37,0.875,0.8,1.0,1.0,0.8889,0.75,0.9607,0.0806
SVM (RBF),38,0.9125,0.86,1.0,1.0,0.9247,0.8108,0.9847,0.0377
SVM (RBF),39,0.95,0.92,1.0,1.0,0.9583,0.8824,0.9787,0.0334
SVM (RBF),40,0.9375,0.9,1.0,1.0,0.9474,0.8571,0.9853,0.0505
SVM (RBF),41,0.9,0.84,1.0,1.0,0.913,0.7895,0.962,0.0529
SVM (RBF),42,0.9125,0.86,1.0,1.0,0.9247,0.8108,0.9987,0.0279
SVM (RBF),43,0.9,0.84,1.0,1.0,0.913,0.7895,0.978,0.0449
SVM (RBF),44,0.95,0.94,0.9667,0.9792,0.9592,0.9062,0.9907,0.0393
SVM (RBF),45,0.8875,0.82,1.0,1.0,0.9011,0.7692,0.968,0.0724
SVM (RBF),46,0.9,0.84,1.0,1.0,0.913,0.7895,0.966,0.0711
SVM (RBF),47,0.9375,0.9,1.0,1.0,0.9474,0.8571,0.9987,0.0231
SVM (RBF),48,0.8875,0.84,0.9667,0.9767,0.9032,0.7838,0.9653,0.0565
SVM (RBF),49,0.9125,0.86,1.0,1.0,0.9247,0.8108,0.9787,0.0379
SVM (RBF),50,0.9125,0.86,1.0,1.0,0.9247,0.8108,0.984,0.0366
