feature,missing_total,pct_missing_ckd,pct_missing_notckd,p_fisher,difference_pp,p_holm,significant_at_0.05
rbc,152,57.2,6.0,0.0,51.2,0.0,True
rc,131,49.6,4.6667,0.0,44.9333,0.0,True
wc,106,39.6,4.6667,0.0,34.9333,0.0,True
pot,88,33.2,3.3333,0.0,29.8667,0.0,True
sod,87,32.8,3.3333,0.0,29.4667,0.0,True
pcv,71,26.8,2.6667,0.0,24.1333,0.0,True
pc,65,22.4,6.0,0.0,16.4,0.0002,True
su,49,17.6,3.3333,0.0,14.2667,0.0002,True
hemo,52,18.4,4.0,0.0,14.4,0.0002,True
sg,47,16.8,3.3333,0.0,13.4667,0.0003,True
al,46,16.4,3.3333,0.0,13.0667,0.0005,True
bgr,44,15.2,4.0,0.0004,11.2,0.0054,True
pcc,4,0.0,2.6667,0.0193,-2.6667,0.2314,False
ba,4,0.0,2.6667,0.0193,-2.6667,0.2314,False
cad,2,0.0,1.3333,0.14,-1.3333,1.0,False
dm,2,0.0,1.3333,0.14,-1.3333,1.0,False
htn,2,0.0,1.3333,0.14,-1.3333,1.0,False
appet,1,0.0,0.6667,0.375,-0.6667,1.0,False
age,9,3.2,0.6667,0.1624,2.5333,1.0,False
sc,17,4.8,3.3333,0.6121,1.4667,1.0,False
bu,19,5.2,4.0,0.6372,1.2,1.0,False
bp,12,4.0,1.3333,0.2242,2.6667,1.0,False
pe,1,0.0,0.6667,0.375,-0.6667,1.0,False
ane,1,0.0,0.6667,0.375,-0.6667,1.0,False
