,importance
hemo,0.1632
pcv,0.1362
sc,0.1108
sg,0.0976
rc,0.0723
al,0.0688
htn_yes,0.045
missingindicator_rbc_True,0.0434
dm_yes,0.0388
sod,0.0318
bgr,0.029
bu,0.0283
missingindicator_rc,0.0222
missingindicator_pot,0.0126
missingindicator_wc,0.0121
bp,0.0119
missingindicator_sod,0.0101
age,0.0084
wc,0.0062
pe_yes,0.006
appet_poor,0.0051
pot,0.0044
su,0.004
pc_normal,0.0037
missingindicator_su,0.0033
ane_yes,0.0032
missingindicator_pcv,0.003
rbc_normal,0.003
missingindicator_sg,0.0027
missingindicator_pc_True,0.0026
missingindicator_hemo,0.0017
missingindicator_al,0.0017
missingindicator_bgr,0.0014
missingindicator_sc,0.001
pcc_present,0.0007
missingindicator_bu,0.0006
missingindicator_bp,0.0005
cad_yes,0.0005
missingindicator_ane_True,0.0004
missingindicator_ba_True,0.0004
ba_present,0.0004
missingindicator_pe_True,0.0004
missingindicator_appet_True,0.0003
missingindicator_age,0.0003
missingindicator_pcc_True,0.0002
missingindicator_htn_True,0.0
missingindicator_dm_True,0.0
missingindicator_cad_True,0.0
